{"cameraMode":{"drawMode":0,"name":"Shaded","section":"Shading Mode"},"sceneLighting":true,"audioPlay":false,"sceneViewState":{"m_AlwaysRefresh":false,"showFog":false,"showSkybox":false,"showFlares":false,"showImageEffects":false,"showParticleSystems":false,"showVisualEffectGraphs":false,"m_FxEnabled":true},"in2DMode":false,"pivot":{"x":-5.367929935455322,"y":2.199143886566162,"z":4.414882183074951},"rotation":{"x":0.0004867948591709137,"y":0.9985045194625855,"z":-0.00898668635636568,"w":0.0539712980389595},"size":0.36070773005485537,"orthographic":false}